int,string,string,int,int
1,day,Mauris enim leo rhoncus sed vestibulum sit amet cursus id turpis. Integer aliquet massa id lobortis convallis tortor risus dapibus augue vel accumsan,1,12
2,night,Vestibulum ac est lacinia nisi venenatis tristique. Fusce congue diam id ornare imperdiet sapien urna pretium nisl ut volutpat sapien arcu sed augue.,2,36
3,sunset,Vestibulum ac est lacinia nisi venenatis tristique. Fusce congue diam id ornare imperdiet sapien urna pretium nisl ut volutpat sapien arcu sed augue.,2,38
4,golden hour,Maecenas ut massa quis augue luctus tincidunt. Nulla mollis molestie lorem. Quisque ut erat.,2,27
5,golden hour,Etiam vel augue. Vestibulum rutrum rutrum neque. Aenean auctor gravida sem.,2,7
6,golden hour,Fusce consequat. Nulla nisl. Nunc nisl.,2,33
7,night,Pellentesque at nulla. Suspendisse potenti. Cras in purus eu magna vulputate luctus.,1,28
8,day,Morbi porttitor lorem id ligula. Suspendisse ornare consequat lectus. In est risus auctor sed tristique in tempus sit amet sem.,2,16
9,sunset,Praesent blandit. Nam nulla. Integer pede justo lacinia eget tincidunt eget tempus vel pede.,1,42
10,blue hour,Cras mi pede malesuada in imperdiet et commodo vulputate justo. In blandit ultrices enim. Lorem ipsum dolor sit amet consectetuer adipiscing elit.,2,38
11,day,Curabitur at ipsum ac tellus semper interdum. Mauris ullamcorper purus sit amet nulla. Quisque arcu libero rutrum ac lobortis vel dapibus at diam.,1,35
12,blue hour,Integer tincidunt ante vel ipsum. Praesent blandit lacinia erat. Vestibulum sed magna at nunc commodo placerat.,1,30
13,day,Duis bibendum felis sed interdum venenatis turpis enim blandit mi in porttitor pede justo eu massa. Donec dapibus. Duis at velit eu est congue eleme,1,44
14,night,Maecenas leo odio condimentum id luctus nec molestie sed justo. Pellentesque viverra pede ac diam. Cras pellentesque volutpat dui.,2,39
15,day,Donec diam neque vestibulum eget vulputate ut ultrices vel augue. Vestibulum ante ipsum primis in faucibus orci luctus et ultrices posuere cubilia Cu,1,15
16,sunset,Maecenas tristique est et tempus semper est quam pharetra magna ac consequat metus sapien ut nunc. Vestibulum ante ipsum primis in faucibus orci luc,2,3
17,night,In quis justo. Maecenas rhoncus aliquam lacus. Morbi quis tortor id nulla ultrices aliquet.,2,40
18,sunset,Maecenas tristique est et tempus semper est quam pharetra magna ac consequat metus sapien ut nunc. Vestibulum ante ipsum primis in faucibus orci luc,2,47
19,golden hour,Lorem ipsum dolor sit amet consectetuer adipiscing elit. Proin risus. Praesent lectus.,2,30
20,night,Cum sociis natoque penatibus et magnis dis parturient montes nascetur ridiculus mus. Vivamus vestibulum sagittis sapien. Cum sociis natoque penatibu,2,5
21,blue hour,Quisque id justo sit amet sapien dignissim vestibulum. Vestibulum ante ipsum primis in faucibus orci luctus et ultrices posuere cubilia Curae; Null,1,31
22,sunset,Sed ante. Vivamus tortor. Duis mattis egestas metus.,2,9
23,blue hour,Praesent id massa id nisl venenatis lacinia. Aenean sit amet justo. Morbi ut odio.,1,8
24,blue hour,Integer ac leo. Pellentesque ultrices mattis odio. Donec vitae nisi.,2,20
25,afternoon,Mauris enim leo rhoncus sed vestibulum sit amet cursus id turpis. Integer aliquet massa id lobortis convallis tortor risus dapibus augue vel accumsan,1,43
26,day,Curabitur in libero ut massa volutpat convallis. Morbi odio odio elementum eu interdum eu tincidunt in leo. Maecenas pulvinar lobortis est.,2,39
27,afternoon,Integer tincidunt ante vel ipsum. Praesent blandit lacinia erat. Vestibulum sed magna at nunc commodo placerat.,1,18
28,sunset,Integer ac leo. Pellentesque ultrices mattis odio. Donec vitae nisi.,1,2
29,afternoon,Proin eu mi. Nulla ac enim. In tempor turpis nec euismod scelerisque quam turpis adipiscing lorem vitae mattis nibh ligula nec sem.,1,11
30,golden hour,Nulla ut erat id mauris vulputate elementum. Nullam varius. Nulla facilisi.,1,9
31,golden hour,Suspendisse potenti. In eleifend quam a odio. In hac habitasse platea dictumst.,1,3
32,blue hour,Curabitur gravida nisi at nibh. In hac habitasse platea dictumst. Aliquam augue quam sollicitudin vitae consectetuer eget rutrum at lorem.,2,50
33,golden hour,Etiam vel augue. Vestibulum rutrum rutrum neque. Aenean auctor gravida sem.,1,45
34,sunset,Vestibulum quam sapien varius ut blandit non interdum in ante. Vestibulum ante ipsum primis in faucibus orci luctus et ultrices posuere cubilia Cur,2,19
35,sunset,Duis bibendum. Morbi non quam nec dui luctus rutrum. Nulla tellus.,2,41
36,night,Proin eu mi. Nulla ac enim. In tempor turpis nec euismod scelerisque quam turpis adipiscing lorem vitae mattis nibh ligula nec sem.,2,7
37,night,Vestibulum ac est lacinia nisi venenatis tristique. Fusce congue diam id ornare imperdiet sapien urna pretium nisl ut volutpat sapien arcu sed augu,1,31
38,golden hour,Morbi porttitor lorem id ligula. Suspendisse ornare consequat lectus. In est risus auctor sed tristique in tempus sit amet sem.,2,24
39,blue hour,Maecenas ut massa quis augue luctus tincidunt. Nulla mollis molestie lorem. Quisque ut erat.,1,39
40,sunset,Phasellus sit amet erat. Nulla tempus. Vivamus in felis eu sapien cursus vestibulum.,1,50